frage;n;zustimmung_prozent;kommentar_anzahl
Der Informationsbrief war verständlich;398;71;64
Ich wusste nach dem Brief, was ich tun muss und was automatisch geschieht;395;58;88
Ich wusste, bis wann ich die Betreuung anmelden muss;241;46;97
Der Zuteilungsentscheid war nachvollziehbar;401;62;112
Ich habe auf der Website gefunden, was ich gesucht habe;377;54;71
Der Informationsanlass hat meine offenen Fragen beantwortet;352;89;23
Der Schnupperbesuch hat meinem Kind den Start erleichtert;340;91;18
Ich wusste vor dem ersten Kindergartentag, wie die Eingewöhnung abläuft;405;67;52
Das Elterngespräch in den ersten Wochen war hilfreich;388;86;21
Ich musste mindestens einmal anrufen oder vorbeigehen, um eine Frage zu klären;412;43;0
Insgesamt fühlte ich mich beim Kindergarteneintritt gut begleitet;409;74;59
